dim,tuned_tf32,current_tf32,tf32_vs_current,tuned_fp16,current_fp16,fp16_vs_current,fp32_simt,tf32_vs_fp32
16,6580.001,6768.272,1.02861,6675.772,6655.985,0.99704,7080.749,1.07610
64,6686.010,6837.043,1.02259,6713.251,6711.712,0.99977,7063.341,1.05644
128,6761.062,6869.578,1.01605,6802.413,6761.847,0.99404,7282.270,1.07709
256,7066.412,7171.370,1.01485,6866.430,6979.093,1.01641,7496.543,1.06087
512,7296.783,7500.180,1.02787,7098.261,7214.038,1.01631,8318.856,1.14007
786,7615.376,7966.799,1.04615,7317.020,7563.281,1.03366,9173.904,1.20466
1024,7648.509,8178.669,1.06932,7412.773,7652.518,1.03234,10142.721,1.32610
1536,8107.263,8770.372,1.08179,7542.120,7922.975,1.05050,12255.611,1.51168
geomean,,,1.03814,,,1.01733,,1.17268
